{"cameraMode":{"drawMode":0,"name":"Shaded","section":"Shading Mode"},"sceneLighting":false,"audioPlay":false,"sceneViewState":{"showFog":true,"showMaterialUpdate":false,"showSkybox":true,"showFlares":true,"showImageEffects":true,"showParticleSystems":true},"in2DMode":false,"pivot":{"x":-3.9695956707000734,"y":-1.9407092332839966,"z":-1.856713891029358},"rotation":{"x":-0.3667222559452057,"y":0.38350826501846316,"z":-0.16934077441692353,"w":-0.8305178880691528},"size":28.195226669311525,"orthographic":false}