{"cameraMode":{"drawMode":0,"name":"Shaded","section":"Shading Mode"},"sceneLighting":false,"audioPlay":false,"sceneViewState":{"showFog":true,"showMaterialUpdate":false,"showSkybox":true,"showFlares":true,"showImageEffects":true,"showParticleSystems":true},"in2DMode":false,"pivot":{"x":10.01210880279541,"y":-110.5,"z":7.300000190734863},"rotation":{"x":-0.32122018933296206,"y":0.09693144261837006,"z":-0.03307248279452324,"w":-0.9414499998092651},"size":77.8303451538086,"orthographic":false}