{"cameraMode":{"drawMode":0,"name":"Shaded","section":"Shading Mode"},"sceneLighting":false,"audioPlay":false,"sceneViewState":{"showFog":true,"showMaterialUpdate":false,"showSkybox":true,"showFlares":true,"showImageEffects":true,"showParticleSystems":true},"in2DMode":false,"pivot":{"x":7.0918169021606449,"y":983.1100463867188,"z":12.06873893737793},"rotation":{"x":-0.32122018933296206,"y":0.09693144261837006,"z":-0.03307248279452324,"w":-0.9414499998092651},"size":24.764297485351564,"orthographic":false}