{"cameraMode":{"drawMode":0,"name":"Shaded","section":"Shading Mode"},"sceneLighting":false,"audioPlay":false,"sceneViewState":{"showFog":true,"showMaterialUpdate":false,"showSkybox":true,"showFlares":true,"showImageEffects":true,"showParticleSystems":true},"in2DMode":false,"pivot":{"x":8.800000190734864,"y":-43.099998474121097,"z":10.300000190734864},"rotation":{"x":-0.32122018933296206,"y":0.09693144261837006,"z":-0.03307248279452324,"w":-0.9414499998092651},"size":45.27739715576172,"orthographic":false}