{"cameraMode":{"drawMode":0,"name":"Shaded","section":"Shading Mode"},"sceneLighting":false,"audioPlay":false,"sceneViewState":{"showFog":true,"showMaterialUpdate":false,"showSkybox":true,"showFlares":true,"showImageEffects":true,"showParticleSystems":true},"in2DMode":false,"pivot":{"x":-1.9447145462036133,"y":-1.5491392612457276,"z":0.4226120412349701},"rotation":{"x":-0.38199582695961,"y":0.45122700929641726,"z":-0.22233137488365174,"w":-0.7752691507339478},"size":20.594175338745118,"orthographic":false}