{"cameraMode":{"drawMode":0,"name":"Shaded","section":"Shading Mode"},"sceneLighting":false,"audioPlay":false,"sceneViewState":{"showFog":true,"showMaterialUpdate":false,"showSkybox":true,"showFlares":true,"showImageEffects":true,"showParticleSystems":true},"in2DMode":false,"pivot":{"x":16.043394088745118,"y":974.82421875,"z":11.054611206054688},"rotation":{"x":-0.30197280645370486,"y":0.4040810465812683,"z":-0.14330723881721497,"w":-0.8514658212661743},"size":34.29460525512695,"orthographic":false}