{"cameraMode":{"drawMode":0,"name":"Shaded","section":"Shading Mode"},"sceneLighting":false,"audioPlay":false,"sceneViewState":{"showFog":true,"showMaterialUpdate":false,"showSkybox":true,"showFlares":true,"showImageEffects":true,"showParticleSystems":true},"in2DMode":false,"pivot":{"x":1.8512134552001954,"y":-377.2988586425781,"z":-32.58977127075195},"rotation":{"x":-0.32122018933296206,"y":0.09693144261837006,"z":-0.03307248279452324,"w":-0.9414499998092651},"size":95.50065612792969,"orthographic":false}