{"cameraMode":{"drawMode":0,"name":"Shaded","section":"Shading Mode"},"sceneLighting":false,"audioPlay":false,"sceneViewState":{"showFog":true,"showMaterialUpdate":false,"showSkybox":true,"showFlares":true,"showImageEffects":true,"showParticleSystems":true},"in2DMode":false,"pivot":{"x":-16.0,"y":-74.72000122070313,"z":-0.9066925048828125},"rotation":{"x":-0.32122018933296206,"y":0.09693144261837006,"z":-0.03307248279452324,"w":-0.9414499998092651},"size":20.20829200744629,"orthographic":false}